name_1,amount
Brazilian Fund,1.3850116927909015
Indian Fund,-1.0
Investment Fund,0.334848547
PE Company,0.050898809456233485
Predios LTDA,0.1668831955434824
Private Equity Investments,0.10035365547859576
Real Estate Company,0.1703906129999999
VC Company,0.20727726483253628
