,name_1,amount
0,Brazilian Fund,90960.3131977516
1,Indian Fund,0.0
2,Investment Fund,133484.8547
3,PE Company,6462.699642799744
4,Predios LTDA,44508.53215551983
5,Private Equity Investments,539789.4892315799
6,Real Estate Company,117039.0613
7,VC Company,99974.70643612216
